subject,accuracy
1,0.8194444444444444
2,0.5625
3,0.9375
4,0.5
5,0.6388888888888888
6,0.6736111111111112
7,0.5
8,0.9444444444444444
9,0.9166666666666666
